--Insert Customers
INSERT INTO Customers (customer_id, customer_name, customer_email, customer_phone_number, customer_address) 
VALUES
 (1, 'Yorke Shear', 'yshear0@51.la', '+51-325-895-7722', '97 Sullivan Drive'),
 (2, 'Hube Williamson', 'hwilliamson1@slideshare.net', '+966-111-386-0666', '06619 Roxbury Trail'),
 (3, 'Rosene Rebichon', 'rrebichon2@sun.com', '+86-224-689-5690', '48506 6th Park'),
 (4, 'Rufus Oven', 'roven3@istockphoto.com', '+33-664-270-0537', '7758 Hoffman Terrace'),
 (5, 'Gabriello Lorentzen', 'glorentzen4@weibo.com', '+86-127-565-2008', '247 Dunning Center'),
 (6, 'Glenden Kinge', 'gkinge5@blogspot.com', '+62-329-511-0319', '97286 Ohio Road'),
 (7, 'Shem Brownbill', 'sbrownbill6@oakley.com', '+62-123-552-3831', '58348 Waxwing Center'),
 (8, 'Aila Froud', 'afroud7@goo.gl', '+33-963-388-2898', '2256 Morning Circle'),
 (9, 'Devlen Kinsett', 'dkinsett8@about.com', '+1-630-528-2462', '99974 Stuart Plaza'),
 (10, 'Haley Houseago', 'hhouseago9@vinaora.com', '+62-261-815-0105', '42 Northview Road'),
 (11, 'Keen Bourke', 'kbourkea@hostgator.com', '+995-317-742-6880', '09669 Westerfield Place'),
 (12, 'Sella Todari', 'stodarib@pinterest.com', '+86-829-158-3552', '883 Morningstar Circle'),
 (13, 'Hendrik Autry', 'hautryc@newsvine.com', '+7-732-540-2361', '15 Moose Court'),
 (14, 'Humfried Dring', 'hdringd@opensource.org', '+380-690-294-4512', '927 Hazelcrest Place'),
 (15, 'Rena Dable', 'rdablee@earthlink.net', '+351-755-575-4424', '46326 Bowman Road'),
 (16, 'Pamella Kelsey', 'pkelseyf@myspace.com', '+86-905-957-7116', '76 Tomscot Pass'),
 (17, 'Darill Cancellieri', 'dcancellierig@twitter.com', '+1-567-707-2033', '87979 Sauthoff Plaza'),
 (18, 'Gregoire Moneypenny', 'gmoneypennyh@xinhuanet.com', '+351-669-386-7385', '363 Paget Trail'),
 (19, 'Teodor Mulroy', 'tmulroyi@nifty.com', '+48-248-839-5382', '6 Caliangt Street'),
 (20, 'Tyrus Alger', 'talgerj@google.co.uk', '+63-735-344-6191', '86 Harper Point'),
 (21, 'Sybilla Ellick', 'sellickk@angelfire.com', '+380-230-338-3662', '87 Sachtjen Parkway'),
 (22, 'Eleen Harbar', 'eharbarl@sitemeter.com', '+86-833-584-8311', '2868 Orin Place'),
 (23, 'Ibrahim Kelsell', 'ikelsellm@tripod.com', '+54-488-451-8924', '8 Oneill Terrace'),
 (24, 'Betsy Wissbey', 'bwissbeyn@cafepress.com', '+84-864-834-0207', '84 Forest Run Crossing'),
 (25, 'Nickie Bhar', 'nbharo@yellowpages.com', '+389-964-262-1506', '3781 Charing Cross Way'),
 (26, 'Millisent Mocquer', 'mmocquerp@dropbox.com', '+86-543-460-2474', '061 Esch Parkway'),
 (27, 'Maura Elloy', 'melloyq@bizjournals.com', '+7-201-182-6716', '977 Golf Course Street'),
 (28, 'Wat Antliff', 'wantliffr@time.com', '+251-966-488-4042', '9 Pankratz Place'),
 (29, 'Abdel Vignal', 'avignals@noaa.gov', '+509-430-832-2920', '83 Hanover Point'),
 (30, 'Elmira Leek', 'eleekt@senate.gov', '+34-420-532-1056', '4911 Mayer Alley'),
 (31, 'Ulysses Epple', 'ueppleu@state.tx.us', '+1-591-368-8792', '84 Village Green Pass'),
 (32, 'Izzy Bennedsen', 'ibennedsenv@t-online.de', '+62-703-862-3938', '44989 Comanche Road'),
 (33, 'Carlota Mulvany', 'cmulvanyw@japanpost.jp', '+47-790-257-0996', '4 Eastwood Point'),
 (34, 'Noll Carous', 'ncarousx@ocn.ne.jp', '+86-496-912-5662', '626 Melody Pass'),
 (35, 'Glory Johann', 'gjohanny@blog.com', '+62-120-243-2225', '78 Dexter Point'),
 (36, 'Fanchette Tinner', 'ftinnerz@squidoo.com', '+63-665-155-7188', '6714 Steensland Circle'),
 (37, 'Linell Placide', 'lplacide10@engadget.com', '+374-323-692-4082', '529 Pearson Circle'),
 (38, 'Welch Eddies', 'weddies11@narod.ru', '+7-191-941-3935', '4880 Rieder Way'),
 (39, 'Fernando Orto', 'forto12@slate.com', '+27-665-288-5801', '11307 Swallow Alley'),
 (40, 'Paule De La Coste', 'pde13@elpais.com', '+504-430-118-6675', '984 Melody Way'),
 (41, 'Ryon Huggill', 'rhuggill14@illinois.edu', '+36-325-264-0474', '8195 Dottie Crossing'),
 (42, 'Gratiana Maffini', 'gmaffini15@japanpost.jp', '+86-665-103-0001', '64 Hauk Lane'),
 (43, 'Wilbur Magenny', 'wmagenny16@tmall.com', '+63-616-336-2364', '5084 Huxley Park'),
 (44, 'Amalee Dadd', 'adadd17@usda.gov', '+420-945-716-6797', '22547 Forster Lane'),
 (45, 'Gayel Machans', 'gmachans18@webmd.com', '+7-450-846-6895', '84540 Stoughton Center'),
 (46, 'Mead Keightley', 'mkeightley19@cargocollective.com', '+7-738-912-9122', '12489 Corscot Point'),
 (47, 'Crissy Hawkswood', 'chawkswood1a@usa.gov', '+57-173-744-7322', '8608 Spenser Plaza'),
 (48, 'Alanson McQuin', 'amcquin1b@twitter.com', '+33-305-817-3202', '34 Cody Hill'),
 (49, 'Taite Glanister', 'tglanister1c@nsw.gov.au', '+355-871-612-3286', '56 Elgar Center'),
 (50, 'Joshua Burghall', 'jburghall1d@hexun.com', '+30-634-149-9384', '6 Crest Line Lane'),
 (51, 'Alia Vlasin', 'avlasin1e@meetup.com', '+351-191-986-8650', '57 Quincy Trail'),
 (52, 'Tana Matuschek', 'tmatuschek1f@economist.com', '+62-618-899-1728', '6974 Ryan Street'),
 (53, 'Marcy Wettern', 'mwettern1g@indiegogo.com', '+1-571-920-1310', '4760 Sutteridge Drive'),
 (54, 'Aundrea Cloake', 'acloake1h@prweb.com', '+62-439-675-9550', '5684 Amoth Avenue'),
 (55, 'Felicdad Chatters', 'fchatters1i@comcast.net', '+7-253-526-7684', '942 Gerald Trail'),
 (56, 'Fernando Ottley', 'fottley1j@loc.gov', '+86-105-299-8140', '34939 Manufacturers Lane'),
 (57, 'Neils Keighley', 'nkeighley1k@fda.gov', '+86-163-618-5032', '60872 Hanover Court'),
 (58, 'Doris Kingswood', 'dkingswood1l@github.io', '+55-102-270-5704', '44 Kennedy Parkway'),
 (59, 'Nonnah Caughte', 'ncaughte1m@guardian.co.uk', '+33-618-183-5723', '14118 Northview Avenue'),
 (60, 'Guthrey Baylay', 'gbaylay1n@diigo.com', '+62-862-400-0787', '4 Magdeline Center');

--Insert Cars
INSERT INTO Cars (car_id, car_model, rental_price, movie_id)
VALUES
(1, '1995 Mitsubishi Eclipse', 250.00, 1),
(2, '1994 Toyota Supra MK IV', 500.00, 1),
(3, '1970 Dodge Charger R/T', 600.00, 1),
(4, '1993 Honda Civic EJ1', 150.00, 1),
(5, '1993 Mazda RX-7', 400.00, 1),
(6, '1995 Volkswagen Jetta', 200.00, 1),
(7, 'Acura Integra', 180.00, 1),
(8, '1995 Nissan Skyline GT-R R33', 550.00, 1),
(9, '1997 Mazda RX-7', 450.00, 2),
(10, 'Nissan Fairlady Z (Z33)', 350.00, 2),
(11, '2001 Nissan Silvia S15 Spec-S', 300.00, 2),
(12, '2006 Mitsubishi Lancer Evolution IX', 400.00, 2),
(13, '1967 Ford Mustang Fastback', 700.00, 2),
(14, 'Plymouth Road Runner', 650.00, 2),
(15, '1997 Chevrolet Monte Carlo', 150.00, 2),
(16, 'Dodge Viper SRT-10', 600.00, 2),
(17, '2003 Acura NSX', 450.00, 3),
(18, '1971 Nissan Skyline GT-R KPGC10', 600.00, 3),
(19, '2010 Dodge Charger SRT-8', 300.00, 3),
(20, '2019 Koenigsegg CCXR', 3000.00, 3),
(21, '2010 Nissan GT-R R35', 700.00, 3),
(22, 'Porsche 996 GT3 RS', 800.00, 3),
(23, '1966 Chevrolet Corvette Grand Sport Sting Ray', 750.00, 3),
(24, '2011 Lexus LFA', 1000.00, 3),
(25, '2012 Nissan GT-R R35', 700.00, 4),
(26, '1970 Plymouth Barracuda', 600.00, 4),
(27, '2014 Lykan HyperSport', 3500.00, 4),
(28, '2014 Audi R8', 900.00, 4),
(29, '2014 Maserati Ghibli', 500.00, 4),
(30, '2012 Lamborghini Aventador', 1200.00, 4),
(31, '2011 Bugatti Veyron', 2500.00, 4),
(32, '2005 Aston Martin DB9', 600.00, 4),
(33, '2006 Subaru Impreza WRX', 350.00, 5),
(34, '1979 Lincoln Continental Mark V Collectors Series', 200.00, 5),
(35, '1994 Cadillac Deville', 180.00, 5),
(36, '1989 Chevrolet Caprice', 150.00, 5),
(37, '2015 Dodge Challenger SRT Hellcat', 500.00, 5),
(38, '1959 Chevrolet Impala Convertible', 400.00, 5),
(39, '1964 Aston Martin DB5', 1200.00, 6),
(40, '2006 Aston Martin DBS V12', 1000.00, 7),
(41, '1977 Lotus Esprit S1', 900.00, 8),
(42, '1981 Lotus Esprit Turbo', 850.00, 9),
(43, 'Citroën 2CV', 100.00, 9),
(44, '1999 BMW Z8', 900.00, 10);

--Insert Movies
INSERT INTO Movies (movie_id, car_title, release_year, movie_rating)
VALUES
(1, 'The Fast and the Furious', '2001', 6.8),
(2, 'Tokyo Drift', '2006', 6.0),
(3, 'Fast Five', '2011', 7.3),
(4, 'Furious 7', '2015', 7.1),
(5, 'Baby Driver', '2017', 7.6),
(6, 'Goldfinger', '1964', 7.7),
(7, 'Casino Royale', '2006', 8.0),
(8, 'The Spy Who Loved Me', '1977', 7.0),
(9, 'For Your Eyes Only', '1981', 6.7),
(10, 'The World is Not Enough', '1999', 6.4);

--Insert Rentals
INSERT INTO Rentals (rental_id, customer_id, car_id, rental_start, rental_end, total_price)
VALUES
 (1, 22, 10, '2023-01-15', '2023-01-20', 350.00 * 5),
 (2, 39, 6, '2023-02-05', '2023-02-07', 200.00 * 2),
 (3, 29, 25, '2023-03-10', '2023-03-15', 700.00 * 5),
 (4, 14, 15, '2023-04-01', '2023-04-04', 650.00 * 3),
 (5, 3, 34, '2023-05-01', '2023-05-05', 200.00 * 4),
 (6, 50, 16, '2023-05-15', '2023-05-16', 600.00 * 1),
 (7, 39, 36, '2023-06-02', '2023-06-06', 150.00 * 4),
 (8, 38, 4, '2023-06-20', '2023-06-25', 150.00 * 5),
 (9, 2, 42, '2023-07-05', '2023-07-07', 850.00 * 2),
 (10, 22, 20, '2023-07-15', '2023-07-20', 3000.00 * 5),
 (11, 50, 16, '2023-08-02', '2023-08-04', 600.00 * 2),
 (12, 59, 25, '2023-08-15', '2023-08-18', 700.00 * 3),
 (13, 56, 18, '2023-08-25', '2023-08-28', 600.00 * 3),
 (14, 13, 13, '2023-09-01', '2023-09-05', 650.00 * 4),
 (15, 44, 43, '2023-09-10', '2023-09-12', 100.00 * 2),
 (16, 15, 5, '2023-09-15', '2023-09-19', 400.00 * 4),
 (17, 25, 44, '2023-09-20', '2023-09-22', 900.00 * 2),
 (18, 28, 42, '2023-09-23', '2023-09-25', 850.00 * 2),
 (19, 22, 13, '2023-09-27', '2023-10-02', 650.00 * 5),
 (20, 42, 9, '2023-10-05', '2023-10-08', 450.00 * 3),
 (21, 5, 3, '2023-10-15', '2023-10-19', 600.00 * 4),
 (22, 33, 23, '2023-10-22', '2023-10-25', 800.00 * 3),
 (23, 55, 27, '2023-10-28', '2023-11-01', 750.00 * 4),
 (24, 4, 40, '2023-11-05', '2023-11-10', 1000.00 * 5),
 (25, 22, 15, '2023-11-12', '2023-11-14', 650.00 * 2),
 (26, 36, 40, '2023-11-18', '2023-11-20', 1000.00 * 2),
 (27, 15, 19, '2023-11-22', '2023-11-27', 300.00 * 5),
 (28, 4, 10, '2023-12-01', '2023-12-05', 350.00 * 4),
 (29, 51, 23, '2023-12-10', '2023-12-13', 800.00 * 3),
 (30, 16, 29, '2024-01-01', '2024-01-04', 500.00 * 3),
 (31, 7, 33, '2024-04-01', '2024-04-05', 1800.00),
 (32, 12, 18, '2024-04-02', '2024-04-04', 1200.00),
 (33, 19, 10, '2024-04-05', '2024-04-08', 1500.00),
 (34, 15, 26, '2024-04-08', '2024-04-12', 2200.00),
 (35, 4, 15, '2024-04-10', '2024-04-14', 1700.00),
 (36, 22, 5, '2024-04-12', '2024-04-15', 1200.00),
 (37, 8, 22, '2024-04-15', '2024-04-18', 2100.00),
 (38, 17, 29, '2024-04-18', '2024-04-22', 1900.00),
 (39, 11, 12, '2024-04-20', '2024-04-23', 1300.00),
 (40, 3, 19, '2024-04-22', '2024-04-25', 1800.00),
 (41, 6, 41, '2024-04-25', '2024-04-28', 2500.00),
 (42, 14, 30, '2024-04-28', '2024-05-01', 1600.00),
 (43, 21, 2, '2024-05-01', '2024-05-04', 2000.00),
 (44, 9, 38, '2024-05-04', '2024-05-07', 1700.00),
 (45, 5, 27, '2024-05-07', '2024-05-10', 1900.00),
 (46, 13, 7, '2024-05-10', '2024-05-14', 2300.00),
 (47, 18, 14, '2024-05-13', '2024-05-16', 1400.00),
 (48, 10, 24, '2024-05-16', '2024-05-19', 1800.00),
 (49, 2, 35, '2024-05-19', '2024-05-22', 2100.00),
 (50, 16, 9, '2024-05-22', '2024-05-25', 1500.00),
 (51, 7, 25, '2024-05-25', '2024-05-28', 1900.00),
 (52, 12, 13, '2024-05-28', '2024-06-01', 2400.00),
 (53, 19, 3, '2024-06-01', '2024-06-04', 1600.00),
 (54, 15, 16, '2024-06-04', '2024-06-08', 2200.00),
 (55, 4, 11, '2024-06-07', '2024-06-10', 1300.00),
 (56, 22, 21, '2024-06-10', '2024-06-13', 1800.00),
 (57, 8, 28, '2024-06-13', '2024-06-16', 2000.00),
 (58, 17, 6, '2024-06-16', '2024-06-19', 1700.00),
 (59, 11, 20, '2024-06-19', '2024-06-22', 2500.00),
 (60, 3, 4, '2024-06-22', '2024-06-25', 1600.00),
 (61, 6, 23, '2024-06-25', '2024-06-28', 1900.00),
 (62, 14, 32, '2024-06-28', '2024-07-01', 2300.00),
 (63, 21, 1, '2024-07-01', '2024-07-04', 1400.00),
 (64, 9, 37, '2024-07-04', '2024-07-08', 1800.00),
 (65, 5, 28, '2024-07-07', '2024-07-10', 2100.00),
 (66, 13, 8, '2024-07-10', '2024-07-13', 1500.00),
 (67, 18, 15, '2024-07-13', '2024-07-16', 1900.00),
 (68, 10, 30, '2024-07-16', '2024-07-19', 2200.00),
 (69, 2, 42, '2024-07-19', '2024-07-22', 1300.00),
 (70, 16, 17, '2024-07-22', '2024-07-25', 1700.00),
 (71, 7, 11, '2024-07-25', '2024-07-28', 1900.00),
 (72, 12, 31, '2024-07-28', '2024-08-01', 2400.00),
 (73, 19, 5, '2024-08-01', '2024-08-04', 1600.00),
 (74, 15, 24, '2024-08-04', '2024-08-07', 2000.00),
 (75, 4, 36, '2024-08-07', '2024-08-10', 2300.00),
 (76, 22, 22, '2024-08-10', '2024-08-13', 1400.00),
 (77, 8, 10, '2024-08-13', '2024-08-16', 1800.00),
 (78, 17, 19, '2024-08-16', '2024-08-19', 2100.00),
 (79, 11, 26, '2024-08-19', '2024-08-22', 1300.00),
 (80, 3, 9, '2024-08-22', '2024-08-25', 1700.00),
 (81, 6, 41, '2024-08-25', '2024-08-28', 1900.00),
 (82, 14, 30, '2024-08-28', '2024-08-31', 2200.00),
 (83, 21, 2, '2024-08-31', '2024-09-03', 1400.00),
 (84, 9, 38, '2024-09-03', '2024-09-06', 1800.00),
 (85, 5, 27, '2024-09-06', '2024-09-09', 2000.00),
 (86, 13, 7, '2024-09-09', '2024-09-12', 1700.00),
 (87, 18, 14, '2024-09-12', '2024-09-15', 1900.00),
 (88, 10, 24, '2024-09-15', '2024-09-18', 2100.00),
 (89, 2, 35, '2024-09-18', '2024-09-21', 1500.00),
 (90, 16, 9, '2024-09-21', '2024-09-24', 1900.00);

--Insert Payments
INSERT INTO Payments (payment_id, rental_id, payment_date, amount, payment_method) 
VALUES
 (1, 1, '2023-01-21', 1750.00, 'card'),
 (2, 2, '2023-02-08', 400.00, 'cash'),
 (3, 3, '2023-03-16', 3500.00, 'card'),
 (4, 4, '2023-04-05', 1950.00, 'cash'),
 (5, 5, '2023-05-06', 800.00, 'card'),
 (6, 6, '2023-05-17', 600.00, 'cash'),
 (7, 7, '2023-06-07', 600.00, 'card'),
 (8, 8, '2023-06-26', 750.00, 'cash'),
 (9, 9, '2023-07-08', 1700.00, 'card'),
 (10, 10, '2023-07-21', 15000.00, 'cash'),
 (11, 11, '2023-08-05', 1200.00, 'card'),
 (12, 12, '2023-08-19', 2100.00, 'cash'),
 (13, 13, '2023-08-29', 1800.00, 'card'),
 (14, 14, '2023-09-06', 2600.00, 'cash'),
 (15, 15, '2023-09-13', 200.00, 'card'),
 (16, 16, '2023-09-20', 1600.00, 'cash'),
 (17, 17, '2023-09-23', 1800.00, 'card'),
 (18, 18, '2023-09-26', 1700.00, 'cash'),
 (19, 19, '2023-10-03', 3250.00, 'card'),
 (20, 20, '2023-10-09', 1350.00, 'cash'),
 (21, 21, '2023-10-20', 2400.00, 'card'),
 (22, 22, '2023-10-26', 2400.00, 'cash'),
 (23, 23, '2023-11-02', 3000.00, 'card'),
 (24, 24, '2023-11-11', 5000.00, 'cash'),
 (25, 25, '2023-11-15', 1300.00, 'card'),
 (26, 26, '2023-11-21', 2000.00, 'cash'),
 (27, 27, '2023-11-28', 1500.00, 'card'),
 (28, 28, '2023-12-06', 1400.00, 'cash'),
 (29, 29, '2023-12-14', 2400.00, 'card'),
 (30, 30, '2024-01-05', 1500.00, 'cash'),
 (31, 31, '2024-04-05', 1800.00, 'card'),
 (32, 32, '2024-04-04', 1200.00, 'cash'),
 (33, 33, '2024-04-08', 1500.00, 'card'),
 (34, 34, '2024-04-12', 2200.00, 'cash'),
 (35, 35, '2024-04-14', 1700.00, 'card'),
 (36, 36, '2024-04-15', 1200.00, 'cash'),
 (37, 37, '2024-04-18', 2100.00, 'card'),
 (38, 38, '2024-04-22', 1900.00, 'cash'),
 (39, 39, '2024-04-23', 1300.00, 'card'),
 (40, 40, '2024-04-25', 1800.00, 'cash'),
 (41, 41, '2024-04-28', 2500.00, 'card'),
 (42, 42, '2024-05-01', 1600.00, 'cash'),
 (43, 43, '2024-05-04', 2000.00, 'card'),
 (44, 44, '2024-05-07', 1700.00, 'cash'),
 (45, 45, '2024-05-10', 1900.00, 'card'),
 (46, 46, '2024-05-14', 2300.00, 'cash'),
 (47, 47, '2024-05-16', 1400.00, 'card'),
 (48, 48, '2024-05-19', 1800.00, 'cash'),
 (49, 49, '2024-05-22', 2100.00, 'card'),
 (50, 50, '2024-05-25', 1500.00, 'cash'),
 (51, 51, '2024-05-28', 1900.00, 'card'),
 (52, 52, '2024-06-01', 2400.00, 'cash'),
 (53, 53, '2024-06-04', 1600.00, 'card'),
 (54, 54, '2024-06-08', 2200.00, 'cash'),
 (55, 55, '2024-06-10', 1300.00, 'card'),
 (56, 56, '2024-06-13', 1800.00, 'cash'),
 (57, 57, '2024-06-16', 2000.00, 'card'),
 (58, 58, '2024-06-19', 1700.00, 'cash'),
 (59, 59, '2024-06-22', 2500.00, 'card'),
 (60, 60, '2024-06-25', 1600.00, 'cash'),
 (61, 61, '2024-06-28', 1900.00, 'card'),
 (62, 62, '2024-07-01', 2300.00, 'cash'),
 (63, 63, '2024-07-04', 1400.00, 'card'),
 (64, 64, '2024-07-08', 1800.00, 'cash'),
 (65, 65, '2024-07-10', 2000.00, 'card'),
 (66, 66, '2024-07-13', 1700.00, 'cash'),
 (67, 67, '2024-07-16', 1900.00, 'card'),
 (68, 68, '2024-07-19', 2200.00, 'cash'),
 (69, 69, '2024-07-22', 1300.00, 'card'),
 (70, 70, '2024-07-25', 1700.00, 'cash'),
 (71, 71, '2024-07-28', 1900.00, 'card'),
 (72, 72, '2024-08-01', 2400.00, 'cash'),
 (73, 73, '2024-08-04', 1600.00, 'card'),
 (74, 74, '2024-08-07', 2000.00, 'cash'),
 (75, 75, '2024-08-10', 2300.00, 'card'),
 (76, 76, '2024-08-13', 1400.00, 'cash'),
 (77, 77, '2024-08-16', 1800.00, 'card'),
 (78, 78, '2024-08-19', 2100.00, 'cash'),
 (79, 79, '2024-08-22', 1300.00, 'card'),
 (80, 80, '2024-08-25', 1700.00, 'cash'),
 (81, 81, '2024-08-28', 1900.00, 'card'),
 (82, 82, '2024-08-31', 2200.00, 'cash'),
 (83, 83, '2024-09-03', 1400.00, 'card'),
 (84, 84, '2024-09-06', 1800.00, 'cash'),
 (85, 85, '2024-09-09', 2000.00, 'card'),
 (86, 86, '2024-09-12', 1700.00, 'cash'),
 (87, 87, '2024-09-15', 1900.00, 'card'),
 (88, 88, '2024-09-18', 2100.00, 'cash'),
 (89, 89, '2024-09-21', 1500.00, 'card'),
 (90, 90, '2024-09-24', 1900.00, 'cash');
